{"_step":17,"test/mse":5484.20458984375,"test/mae":73.72258758544922,"hyperparams/momentum":0.9927,"Detailed Training Progress":{"width":4800,"height":3600,"_type":"image-file","sha256":"3afaa264424dca723f544bc8023404e8d0e643bc6b768043538b29ee4da997d1","size":369961,"path":"media/images/Detailed Training Progress_2_3afaa264424dca723f54.png","format":"png"},"validation/mse":5662.89501953125,"predictions/scatter_plot":{"height":2400,"_type":"image-file","sha256":"ba026597baa445619a43f4d84dde86ee6c44e5dc249e59f9f00365fa16b6d594","size":219533,"path":"media/images/predictions/scatter_plot_8_ba026597baa445619a43.png","format":"png","width":3000},"test/r2":-110.55291835355396,"prediction/scatter_epoch_final":{"_type":"image-file","sha256":"cff74568f769ab9db96e301b9f7dde10c6637969719822db47a209e517757f32","size":189708,"path":"media/images/prediction/scatter_epoch_final_4_cff74568f769ab9db96e.png","format":"png","width":3000,"height":2400},"analysis/feature_importance":{"width":3600,"height":1800,"_type":"image-file","sha256":"62eac21237519cccea4321e04b69df9b0eb552176c886941627390edecb5ad02","size":173175,"path":"media/images/analysis/feature_importance_6_62eac21237519cccea43.png","format":"png"},"train/physics_loss":1.0943046482729877,"validation/r2":-87.215033432742,"train/total_loss":NaN,"test/mape":9.675204277038574,"train/pinn_loss":3599.346568162061,"train/contrastive_loss":NaN,"test/rmse":74.05541229248047,"hyperparams/contrastive_weight":0.24,"_timestamp":1.7516024546546576e+09,"train/learning_rate":0.00022524999999999995,"_wandb":{"runtime":153},"hyperparams/temperature":0.010982142857142857,"train/pde_loss":0.0023595452283769517,"_runtime":144.78162858,"validation/rmse":75.25220939966647,"epoch":5}