{"analysis/feature_importance":{"_type":"image-file","sha256":"62eac21237519cccea4321e04b69df9b0eb552176c886941627390edecb5ad02","size":173175,"path":"media/images/analysis/feature_importance_6_62eac21237519cccea43.png","format":"png","width":3600,"height":1800},"test/mape":9.675178527832031,"test/mse":5484.201171875,"train/physics_loss":1.049051640759799,"train/contrastive_loss":NaN,"prediction/scatter_epoch_final":{"path":"media/images/prediction/scatter_epoch_final_4_d3f30add43e8e4dbf38c.png","format":"png","width":3000,"height":2400,"_type":"image-file","sha256":"d3f30add43e8e4dbf38c797c904e57bc222fb474a2eefb11ee5470b0a2afbbdc","size":188967},"hyperparams/momentum":0.99378,"_timestamp":1.7516027516268575e+09,"epoch":6,"train/total_loss":NaN,"hyperparams/temperature":0.010928571428571428,"test/rmse":74.05538940429688,"test/r2":-110.55285931851857,"hyperparams/contrastive_weight":0.15,"test/mae":73.72256469726562,"train/pde_loss":0.0021068051929202473,"Detailed Training Progress":{"height":3600,"_type":"image-file","sha256":"e9995a45577220fe764fa372be37fd30ce5d20e3b93d24fa24cc674a6e0c64db","size":370079,"path":"media/images/Detailed Training Progress_2_e9995a45577220fe764f.png","format":"png","width":4800},"_wandb":{"runtime":190},"train/learning_rate":0.0001966980406590546,"validation/rmse":75.25218993387335,"predictions/scatter_plot":{"height":2400,"_type":"image-file","sha256":"c5082a1a3cb7ebd5d1f6a6d15bb9491b824d15ce1406e7fb73ed85cc1a9bc492","size":218715,"path":"media/images/predictions/scatter_plot_8_c5082a1a3cb7ebd5d1f6.png","format":"png","width":3000},"_step":19,"_runtime":172.052545454,"validation/mse":5662.89208984375,"validation/r2":-87.21498746781,"train/pinn_loss":3244.248455086704}