{"Detailed Training Progress":{"width":4800,"height":3600,"_type":"image-file","sha256":"d5f228cdfbb5b607ee82743b08f7b736dd7626465d2054641826c0ed4c7a89fc","size":454191,"path":"media/images/Detailed Training Progress_27_d5f228cdfbb5b607ee82.png","format":"png"},"validation/r2":-89.90877718060138,"validation/rmse":76.39252816457248,"test/mse":5654.67431640625,"test/mape":11.568421363830566,"train/physics_loss":1.050972300340281,"train/pde_loss":0.004164142542659123,"train/pinn_loss":5815.458696982522,"test/r2":-114.02041967637713,"epoch":15,"_step":44,"train/total_loss":5816.439087092789,"_runtime":413.294902226,"_wandb":{"runtime":439},"validation/mse":5835.818359375,"prediction/scatter_epoch_final":{"sha256":"7810b0ad2c69934d73d8434c40ef01f1657c50739e23d16bd075b5ed05204e58","size":186064,"path":"media/images/prediction/scatter_epoch_final_29_7810b0ad2c69934d73d8.png","format":"png","width":3000,"height":2400,"_type":"image-file"},"analysis/feature_importance":{"format":"png","width":3600,"height":1800,"_type":"image-file","sha256":"df13d8c557579e921134964ff381ac0e45d8bf49db13defd9c1a093f48dd6769","size":170120,"path":"media/images/analysis/feature_importance_31_df13d8c557579e921134.png"},"test/mae":74.86982727050781,"hyperparams/contrastive_weight":0.15,"hyperparams/momentum":0.999,"predictions/scatter_plot":{"size":218296,"path":"media/images/predictions/scatter_plot_33_039188ff46af088de13b.png","format":"png","width":3000,"height":2400,"_type":"image-file","sha256":"039188ff46af088de13bdee4d977bc232b2caa18b1e6eac92dc699fa31cde18b"},"train/learning_rate":3e-05,"test/rmse":75.19757080078125,"hyperparams/temperature":0.10446428571428573,"train/contrastive_loss":6.535977896275667,"_timestamp":1.7515237268263977e+09}