{"baseline/CNN/prediction_scatter":{"path":"media/images/baseline/CNN/prediction_scatter_72_c27a6baf706bbba8fb65.png","format":"png","width":3000,"height":2400,"_type":"image-file","sha256":"c27a6baf706bbba8fb65a4474ecad59456550f94cefbde22f8dd0443f5b4bc45","size":407761},"epoch":51,"baseline/CNN/lr":0.0004486908088909569,"baseline/CNN/test_r2":0.999728587638399,"baseline/CNN/test_mse":0.013343270868062973,"_step":116,"baseline/CNN/training_history":{"_type":"image-file","sha256":"73911e98ddb77b06dff0be311558c890330f576c161327b9703ac45933fc2fd7","size":252299,"path":"media/images/baseline/CNN/training_history_116_73911e98ddb77b06dff0.png","format":"png","width":3600,"height":2400},"baseline/CNN/val_loss":0.009901138725118679,"_wandb":{"runtime":1037},"_runtime":1037.315534535,"_timestamp":1.751458347625439e+09,"baseline/CNN/test_rmse":0.11551307886838913,"baseline/CNN/test_mae":0.08631569892168045,"baseline/CNN/train_loss":0.010530751022799309}