{"hyperparams/temperature":0.011089285714285715,"_wandb":{"runtime":96},"analysis/feature_importance":{"width":3600,"height":1800,"_type":"image-file","sha256":"e41741891ac306026f5ba1e3c238580620ad3a9f25ef769d3b16d1e3fea040c7","size":172852,"path":"media/images/analysis/feature_importance_6_e41741891ac306026f5b.png","format":"png"},"_runtime":87.015590811,"_timestamp":1.7516030927426097e+09,"hyperparams/contrastive_weight":0.15,"test/r2":-110.55941608608809,"train/physics_loss":1.1639483873002874,"train/contrastive_loss":Infinity,"train/total_loss":NaN,"train/pinn_loss":4923.501237503431,"train/pde_loss":0.003478844638499343,"train/learning_rate":0.0002714480406590546,"predictions/scatter_plot":{"format":"png","width":3000,"height":2400,"_type":"image-file","sha256":"2ce09df81139a534c746d0c773d930c1a589b910362c78b312801be59d602083","size":218076,"path":"media/images/predictions/scatter_plot_8_2ce09df81139a534c746.png"},"hyperparams/momentum":0.99108,"validation/r2":-87.22000693141749,"test/mape":9.678238868713379,"prediction/scatter_epoch_final":{"size":188305,"path":"media/images/prediction/scatter_epoch_final_4_e74341f4a6cb727b0154.png","format":"png","width":3000,"height":2400,"_type":"image-file","sha256":"e74341f4a6cb727b0154b8d3c5b084c11a526bd57fdc9bab3a5b829a80fcfcb9"},"test/mae":73.72473907470703,"validation/rmse":75.25433114093002,"epoch":3,"validation/mse":5663.21435546875,"Detailed Training Progress":{"format":"png","width":4800,"height":3600,"_type":"image-file","sha256":"7c0d8753bf70b8e2e64646ebb68383a5658979c5a774551a1d5d9eb449b014f6","size":369555,"path":"media/images/Detailed Training Progress_2_7c0d8753bf70b8e2e646.png"},"test/rmse":74.05756378173828,"_step":13,"test/mse":5484.52294921875}