{"hyperparams/momentum":0.99108,"hyperparams/contrastive_weight":0.03,"_wandb":{"runtime":95},"test/r2":-116.273348702229,"validation/r2":-91.65938154437595,"test/mse":5765.43359375,"_runtime":85.006953956,"train/contrastive_loss":4.677539614946915,"train/physics_loss":1.1289931469396477,"test/rmse":75.93045043945312,"_timestamp":1.751505090248947e+09,"_step":13,"prediction/scatter_epoch_final":{"height":2400,"_type":"image-file","sha256":"b84b467d866f04d38299df741d6ec087370dae19ae27d90bfea758077f501859","size":189790,"path":"media/images/prediction/scatter_epoch_final_4_b84b467d866f04d38299.png","format":"png","width":3000},"train/pinn_loss":5565.520108179676,"test/mape":13.18261432647705,"test/mae":75.60582733154297,"hyperparams/temperature":0.21857142857142858,"Detailed Training Progress":{"width":4800,"height":3600,"_type":"image-file","sha256":"2f048f57bdedda3849c7c25dd0c65aaaa19dbd2e98e6c8e5c3804c28166b8ca0","size":373671,"path":"media/images/Detailed Training Progress_2_2f048f57bdedda3849c7.png","format":"png"},"train/pde_loss":0.004992974108687737,"validation/rmse":77.12454732950626,"epoch":3,"validation/mse":5948.19580078125,"train/total_loss":5565.660422195278,"analysis/feature_importance":{"_type":"image-file","sha256":"f24976241afcfe8a7c5da35de5bfdf11b99323c07f03d923792f33cb75c19a7a","size":174777,"path":"media/images/analysis/feature_importance_6_f24976241afcfe8a7c5d.png","format":"png","width":3600,"height":1800},"train/learning_rate":0.0001211449676604731,"predictions/scatter_plot":{"sha256":"a17a9ed7aaa0c20bb24f63d4e5dd5b88d357366202a9ccf5f7009e0006a9ff02","size":219328,"path":"media/images/predictions/scatter_plot_8_a17a9ed7aaa0c20bb24f.png","format":"png","width":3000,"height":2400,"_type":"image-file"}}