{"momentum_value":0.99,"hyperparams/temperature":0.30000000000000004,"contrastive/hard_neg":5.941031455993652,"contrastive/moco":8.442483901977539,"_timestamp":1.7515161976544063e+09,"contrastive/alignment":2.0218236446380615,"epoch":0,"contrastive/uniformity":-3.5144400596618652,"contrastive/weights/simclr":0.8,"_wandb":{"runtime":1},"contrastive/simclr":5.867290019989014,"contrastive/supcon":5.607091903686523,"contrastive/weights/align":0.1,"hyperparams/contrastive_weight":0.009,"_runtime":1.441735837,"contrastive/weights/uniform":0.1,"_step":2,"contrastive/weights/supcon":0.05,"contrastive/weights/hard_neg":0.1,"contrastive/weights/moco":0.05}