{"test/rmse":74.05538940429688,"analysis/feature_importance":{"sha256":"62eac21237519cccea4321e04b69df9b0eb552176c886941627390edecb5ad02","size":173175,"path":"media/images/analysis/feature_importance_6_62eac21237519cccea43.png","format":"png","width":3600,"height":1800,"_type":"image-file"},"_runtime":116.178597056,"validation/r2":-87.21498746781,"predictions/scatter_plot":{"sha256":"c5082a1a3cb7ebd5d1f6a6d15bb9491b824d15ce1406e7fb73ed85cc1a9bc492","size":218715,"path":"media/images/predictions/scatter_plot_8_c5082a1a3cb7ebd5d1f6.png","format":"png","width":3000,"height":2400,"_type":"image-file"},"train/learning_rate":0.0002505350256506493,"prediction/scatter_epoch_final":{"path":"media/images/prediction/scatter_epoch_final_4_d3f30add43e8e4dbf38c.png","format":"png","width":3000,"height":2400,"_type":"image-file","sha256":"d3f30add43e8e4dbf38c797c904e57bc222fb474a2eefb11ee5470b0a2afbbdc","size":188967},"validation/rmse":75.25218993387335,"train/total_loss":NaN,"_timestamp":1.7516029341036465e+09,"Detailed Training Progress":{"path":"media/images/Detailed Training Progress_2_e9995a45577220fe764f.png","format":"png","width":4800,"height":3600,"_type":"image-file","sha256":"e9995a45577220fe764fa372be37fd30ce5d20e3b93d24fa24cc674a6e0c64db","size":370079},"validation/mse":5662.89208984375,"_wandb":{"runtime":129},"train/pde_loss":0.004754307834256991,"hyperparams/momentum":0.9918,"epoch":4,"train/pinn_loss":4152.219562133968,"train/contrastive_loss":NaN,"test/mape":9.675178527832031,"train/physics_loss":1.1606087979600161,"hyperparams/contrastive_weight":0.15,"test/mae":73.72256469726562,"hyperparams/temperature":0.011035714285714286,"test/mse":5484.201171875,"test/r2":-110.55285931851857,"_step":15}