{"_step":29,"valid/mse":4922.521484375,"validation/rmse":70.16068332317609,"Detailed Training Progress":{"format":"png","width":4800,"height":3600,"_type":"image-file","sha256":"3847e155c59fcd3c6c44b24d4c71dbc59154505cf32f983ea5e0b97b0e2331bd","size":470340,"path":"media/images/Detailed Training Progress_20_3847e155c59fcd3c6c44.png"},"test/rmse":68.9589614868164,"_timestamp":1.751445324732662e+09,"train/contrastive_loss":4.840667928469478,"train/learning_rate":3.885503233952689e-05,"_runtime":106.345968417,"train/total_loss":4890.404524930225,"train/physics_loss":1.1187368876588466,"test/mae":68.60149383544922,"validation/r2":-75.68169493309873,"predictions/scatter_plot":{"path":"media/images/predictions/scatter_plot_28_3a38d631d874a9ba0f66.png","format":"png","width":3000,"height":2400,"_type":"image-file","sha256":"3a38d631d874a9ba0f66858debf287d58a96190c8cc96a0367be0fc3335ec325","size":248751},"train/pde_loss":0.0026020767205731606,"test/r2":-95.72723997742149,"prediction/scatter_epoch_final":{"path":"media/images/prediction/scatter_epoch_final_24_4d8dc840195789552f28.png","format":"png","width":3000,"height":2400,"_type":"image-file","sha256":"4d8dc840195789552f281f3d59eba50a4e68d20089dcbe2c3292817ee7b2f0ef","size":219995},"analysis/feature_importance":{"height":1800,"_type":"image-file","sha256":"4718d9ea6e14f41970bd9132f1b2e411a717c88a61663c20dc98929b8f3db332","size":168158,"path":"media/images/analysis/feature_importance_26_4718d9ea6e14f41970bd.png","format":"png","width":3600},"test/mape":5.383711814880371,"test/mse":4755.3388671875,"train/pinn_loss":4890.259305940016,"epoch":7,"_wandb":{"runtime":107},"validation/mse":4922.521484375}