{"baseline/MLP/training_history":{"_type":"image-file","sha256":"69183483b14fb60f50078697aff144e197a7f3db0fdfe69003fcf6c2babea34b","size":239605,"path":"media/images/baseline/MLP/training_history_62_69183483b14fb60f5007.png","format":"png","width":3600,"height":2400},"baseline/MLP/test_rmse":0.25710856914520264,"baseline/MLP/test_r2":0.9986553773163637,"baseline/MLP/test_mae":0.19126589596271515,"_wandb":{"runtime":59},"baseline/MLP/lr":0.008620689655172414,"baseline/MLP/prediction_scatter":{"_type":"image-file","sha256":"31d0ed703aac7628ffda61d43e1bee5f128ac4324b9dd2ff65089d47754f7bb4","size":426928,"path":"media/images/baseline/MLP/prediction_scatter_18_31d0ed703aac7628ffda.png","format":"png","width":3000,"height":2400},"_step":62,"baseline/MLP/train_loss":0.18714241474037813,"baseline/MLP/val_loss":3.9063025022807873,"epoch":26,"_runtime":59.86135459,"baseline/MLP/test_mse":0.06610481441020966,"_timestamp":1.7514567766462948e+09}