{"hyperparams/momentum":0.99,"hyperparams/temperature":0.22500000000000003,"_wandb":{"runtime":6},"hyperparams/contrastive_weight":0.15,"epoch":0,"_timestamp":1.7515252757108853e+09,"_runtime":1.12250997,"_step":0}