{"validation/rmse":75.25433114093002,"train/contrastive_loss":Infinity,"hyperparams/momentum":0.99108,"analysis/feature_importance":{"format":"png","width":3600,"height":1800,"_type":"image-file","sha256":"e41741891ac306026f5ba1e3c238580620ad3a9f25ef769d3b16d1e3fea040c7","size":172852,"path":"media/images/analysis/feature_importance_6_e41741891ac306026f5b.png"},"train/learning_rate":0.0002714480406590546,"_runtime":87.68085945,"test/mae":73.72473907470703,"train/pde_loss":0.003478844638499343,"test/mse":5484.52294921875,"validation/r2":-87.22000693141749,"epoch":3,"test/rmse":74.05756378173828,"hyperparams/contrastive_weight":0.15,"predictions/scatter_plot":{"width":3000,"height":2400,"_type":"image-file","sha256":"2ce09df81139a534c746d0c773d930c1a589b910362c78b312801be59d602083","size":218076,"path":"media/images/predictions/scatter_plot_8_2ce09df81139a534c746.png","format":"png"},"validation/mse":5663.21435546875,"train/pinn_loss":4923.501237503431,"_step":13,"prediction/scatter_epoch_final":{"width":3000,"height":2400,"_type":"image-file","sha256":"e74341f4a6cb727b0154b8d3c5b084c11a526bd57fdc9bab3a5b829a80fcfcb9","size":188305,"path":"media/images/prediction/scatter_epoch_final_4_e74341f4a6cb727b0154.png","format":"png"},"hyperparams/temperature":0.011089285714285715,"test/mape":9.678238868713379,"train/physics_loss":1.1639483873002874,"test/r2":-110.55941608608809,"train/total_loss":NaN,"_timestamp":1.7516034400448935e+09,"Detailed Training Progress":{"size":369555,"path":"media/images/Detailed Training Progress_2_7c0d8753bf70b8e2e646.png","format":"png","width":4800,"height":3600,"_type":"image-file","sha256":"7c0d8753bf70b8e2e64646ebb68383a5658979c5a774551a1d5d9eb449b014f6"},"_wandb":{"runtime":110}}