{"train/total_loss":NaN,"hyperparams/contrastive_weight":0.3,"validation/mse":998.466552734375,"epoch":27,"test/mape":0.5679479241371155,"test/mae":29.465063095092773,"prediction/scatter_epoch_final":{"sha256":"8c4cc6056b9bdb54024044b591be190e70a1587aaf3da2b78c8de9a727ae4b78","size":210907,"path":"media/images/prediction/scatter_epoch_final_56_8c4cc6056b9bdb540240.png","format":"png","width":3000,"height":2400,"_type":"image-file"},"_runtime":763.799981172,"train/pinn_loss":278.1416585986471,"hyperparams/momentum":0.999,"train/physics_loss":0.8053346948689981,"_wandb":{"runtime":782},"test/mse":917.3748168945312,"test/rmse":30.288196563720703,"hyperparams/temperature":0.009803571428571429,"_timestamp":1.7516022174543793e+09,"train/contrastive_loss":NaN,"train/learning_rate":0.0001966980406590546,"test/r2":-17.660108377023555,"train/pde_loss":0.001670287274155564,"predictions/scatter_plot":{"_type":"image-file","sha256":"6c789a2292dfb0d18f9fc12c5a2a828742fb2db56bafb07f1d3f68fb7bcda7b5","size":263477,"path":"media/images/predictions/scatter_plot_60_6c789a2292dfb0d18f9f.png","format":"png","width":3000,"height":2400},"validation/r2":-14.553839291419582,"validation/rmse":31.598521369430802,"Detailed Training Progress":{"format":"png","width":4800,"height":3600,"_type":"image-file","sha256":"266edb58af1d364b4cf58a2505dc7d7dcbb7fb03a2ad824f8efc392ae014cce8","size":512146,"path":"media/images/Detailed Training Progress_54_266edb58af1d364b4cf5.png"},"_step":75,"analysis/feature_importance":{"width":3600,"height":1800,"_type":"image-file","sha256":"8709f91bbf926e083a1d1232d412ec426041e02aee1d5f9453b1a09dede099e6","size":164453,"path":"media/images/analysis/feature_importance_58_8709f91bbf926e083a1d.png","format":"png"}}