{"epoch":66,"baseline/MLP/test_rmse":0.18704181909561157,"baseline/MLP/lr":0.0004895432768953564,"baseline/MLP/training_history":{"height":2400,"_type":"image-file","sha256":"ad05063fd58e0d0da3c58bce7ec6372fe5164e94df2d37effefb9a986c27d6b2","size":277193,"path":"media/images/baseline/MLP/training_history_196_ad05063fd58e0d0da3c5.png","format":"png","width":3600},"_step":196,"baseline/MLP/test_mse":0.03498464450240135,"_runtime":169.053139952,"_timestamp":1.751616869363578e+09,"_wandb":{"runtime":169},"baseline/MLP/test_mae":0.13776761293411255,"baseline/MLP/prediction_scatter":{"width":3000,"height":2400,"_type":"image-file","sha256":"ceb772d6d2a3619296c604a76fd1a116b5688b9c0742c74a3f768bc349d2ba83","size":289022,"path":"media/images/baseline/MLP/prediction_scatter_132_ceb772d6d2a3619296c6.png","format":"png"},"baseline/MLP/test_r2":0.9992883855004986,"baseline/MLP/val_loss":0.7858347059690465,"baseline/MLP/train_loss":0.1874613191490641}