{"test/rmse":55.016971588134766,"analysis/feature_importance":{"sha256":"990f4cdea000d143a195d648a6957ef8a912bcd834b881740322083ee677810b","size":166142,"path":"media/images/analysis/feature_importance_58_990f4cdea000d143a195.png","format":"png","width":3600,"height":1800,"_type":"image-file"},"prediction/scatter_epoch_final":{"path":"media/images/prediction/scatter_epoch_final_56_03b82dfed91f6184689c.png","format":"png","width":3000,"height":2400,"_type":"image-file","sha256":"03b82dfed91f6184689c887ca10a4b19da79b23885867f9e65da3ed8fec7570c","size":214308},"validation/r2":-48.2750478084327,"validation/rmse":56.242093628377,"test/mae":54.56818389892578,"hyperparams/contrastive_weight":0.03,"train/contrastive_loss":4.670134352031948,"hyperparams/momentum":0.999,"train/total_loss":2584.985240394514,"train/pde_loss":0.0016993535796758525,"train/physics_loss":0.8854698280464329,"_runtime":653.69156132,"test/r2":-60.5687995570637,"_step":69,"epoch":24,"test/mse":3026.8671875,"_timestamp":1.7515231575951781e+09,"validation/mse":3163.173095703125,"Detailed Training Progress":{"_type":"image-file","sha256":"d84907b0715b057cd9c11d6a17db9004f903c49108d901d0fcbeb1376dac865b","size":494301,"path":"media/images/Detailed Training Progress_54_d84907b0715b057cd9c1.png","format":"png","width":4800,"height":3600},"train/pinn_loss":2584.845132629484,"_wandb":{"runtime":667},"hyperparams/temperature":0.19928571428571432,"predictions/scatter_plot":{"format":"png","width":3000,"height":2400,"_type":"image-file","sha256":"f3ac2ae3de5d4f786a59fb4175668807e9da24a5ddd0d678beeb9cb7fa691d17","size":247475,"path":"media/images/predictions/scatter_plot_60_f3ac2ae3de5d4f786a59.png"},"train/learning_rate":0.00011929000129578923,"test/mape":2.0378997325897217}