{"train/total_loss":5035.333250880765,"validation/mse":5152.38330078125,"_step":102,"train/pinn_loss":5034.53706862532,"_wandb":{"runtime":1027},"test/mse":4981.55322265625,"analysis/feature_importance":{"size":165990,"path":"media/images/analysis/feature_importance_85_f5010d55a8ab3387cf64.png","format":"png","width":3600,"height":1800,"_type":"image-file","sha256":"f5010d55a8ab3387cf6425d930e9cf20b04da565588fa99553a6a2395766800d"},"test/mape":6.319887638092041,"hyperparams/contrastive_weight":0.15,"train/physics_loss":0.960089022296414,"train/contrastive_loss":5.307899436001199,"hyperparams/momentum":0.99,"prediction/scatter_epoch_final":{"path":"media/images/prediction/scatter_epoch_final_83_86f4c950440bd6b5caca.png","format":"png","width":3000,"height":2400,"_type":"image-file","sha256":"86f4c950440bd6b5caca83b51a05acaf69269e3ba09e7193b6fcffcc77150378","size":191406},"train/pde_loss":0.0018489835497488216,"validation/rmse":71.7801037947233,"test/mae":70.23084259033203,"validation/r2":-79.26241945439793,"train/learning_rate":5.79760620779656e-06,"_timestamp":1.7515248768855329e+09,"_runtime":1021.842707009,"Detailed Training Progress":{"height":3600,"_type":"image-file","sha256":"fa1eb84c2f627295cf70266d05c82de529f70655b33f7cb24e86d6eef2203cf5","size":477081,"path":"media/images/Detailed Training Progress_81_fa1eb84c2f627295cf70.png","format":"png","width":4800},"epoch":37,"predictions/scatter_plot":{"sha256":"40e8514596dfbe4bddc7431bff9b1611611acad11c99167a05508e42135f26f5","size":223507,"path":"media/images/predictions/scatter_plot_87_40e8514596dfbe4bddc7.png","format":"png","width":3000,"height":2400,"_type":"image-file"},"test/rmse":70.58011627197266,"test/r2":-100.32861215188188,"hyperparams/temperature":0.07500000000000001}