{"_step":21,"predictions/scatter_plot":{"format":"png","width":3000,"height":2400,"_type":"image-file","sha256":"7656d9d83dd7a287c63b496d0ebc0fc3ceee4958f327612e6eaef4d35bf210fc","size":219148,"path":"media/images/predictions/scatter_plot_8_7656d9d83dd7a287c63b.png"},"analysis/feature_importance":{"height":1800,"_type":"image-file","sha256":"6de52d7690e57b27662f9571555c1d217c9bb23b39cbea5a8c94c3126e076487","size":171434,"path":"media/images/analysis/feature_importance_6_6de52d7690e57b27662f.png","format":"png","width":3600},"test/r2":-116.27802351978688,"test/mae":75.607421875,"_timestamp":1.751603329528533e+09,"test/mape":13.186542510986328,"hyperparams/momentum":0.99504,"validation/mse":5948.54931640625,"train/pde_loss":0.002476595123646178,"hyperparams/temperature":0.21750000000000003,"train/total_loss":4731.465365631863,"test/rmse":75.93196868896484,"Detailed Training Progress":{"_type":"image-file","sha256":"9374a93c7f6e7bd0e629eb10912354117d2a0b6b7963b5b3843894e85ffa5144","size":374389,"path":"media/images/Detailed Training Progress_2_9374a93c7f6e7bd0e629.png","format":"png","width":4800,"height":3600},"train/physics_loss":1.0979837402592292,"prediction/scatter_epoch_final":{"size":190288,"path":"media/images/prediction/scatter_epoch_final_4_7d0687f91cfce54de1a4.png","format":"png","width":3000,"height":2400,"_type":"image-file","sha256":"7d0687f91cfce54de1a49717934a100361ef50faca49a35758f75d13c77b004f"},"hyperparams/contrastive_weight":0.15,"epoch":7,"validation/rmse":77.12683914440063,"train/learning_rate":8.328737051344018e-05,"validation/r2":-91.66487916577557,"_runtime":200.206582447,"train/contrastive_loss":4.662932611663729,"train/pinn_loss":4730.7659195415445,"_wandb":{"runtime":211},"test/mse":5765.6640625}