{"baseline/MLP/prediction_scatter":{"size":347774,"path":"media/images/baseline/MLP/prediction_scatter_28_2c3bf4e1f39a6611f416.png","format":"png","width":3000,"height":2400,"_type":"image-file","sha256":"2c3bf4e1f39a6611f416c7b8f303926a2ba5a113ab4c30cbd7549e3d148cd6ec"},"baseline/MLP/train_loss":0.13772291033412842,"_timestamp":1.7514571194986787e+09,"baseline/MLP/test_r2":0.9980571247894799,"baseline/MLP/test_mse":0.09551632404327393,"baseline/MLP/test_rmse":0.3090571463108063,"baseline/MLP/val_loss":0.8036879628722431,"epoch":30,"baseline/MLP/training_history":{"_type":"image-file","sha256":"40343b5c3eb8196dd70107f30824fa1c63db7b16b23e750171a0b8a1291c7065","size":267892,"path":"media/images/baseline/MLP/training_history_72_40343b5c3eb8196dd701.png","format":"png","width":3600,"height":2400},"baseline/MLP/lr":0.0005517241379310346,"_runtime":69.218936324,"_wandb":{"runtime":69},"_step":72,"baseline/MLP/test_mae":0.2631279528141022}